{"cameraMode":{"drawMode":0,"name":"Shaded","section":"Shading Mode"},"sceneLighting":false,"audioPlay":false,"sceneViewState":{"showFog":true,"showMaterialUpdate":false,"showSkybox":false,"showFlares":true,"showImageEffects":true,"showParticleSystems":true},"in2DMode":false,"pivot":{"x":0.676673412322998,"y":0.5227146148681641,"z":0.31903985142707827},"rotation":{"x":-0.07048624753952027,"y":0.7198812961578369,"z":-0.07390875369310379,"w":-0.6865437030792236},"size":0.4316316843032837,"orthographic":false}