{"cameraMode":{"drawMode":0,"name":"Shaded","section":"Shading Mode"},"sceneLighting":false,"audioPlay":false,"sceneViewState":{"showFog":true,"showMaterialUpdate":false,"showSkybox":false,"showFlares":true,"showImageEffects":true,"showParticleSystems":true},"in2DMode":false,"pivot":{"x":-0.3747001886367798,"y":0.9608567357063294,"z":2.0326786041259767},"rotation":{"x":0.10183791816234589,"y":-0.5218871235847473,"z":0.06292882561683655,"w":0.8445718288421631},"size":1.728050947189331,"orthographic":false}