{"cameraMode":{"drawMode":0,"name":"Shaded","section":"Shading Mode"},"sceneLighting":false,"audioPlay":false,"sceneViewState":{"showFog":true,"showMaterialUpdate":false,"showSkybox":false,"showFlares":true,"showImageEffects":true,"showParticleSystems":true},"in2DMode":false,"pivot":{"x":0.0,"y":1.0825999975204468,"z":-0.3319999873638153},"rotation":{"x":0.12864233553409577,"y":-0.0014871571911498905,"z":0.00019295280799269676,"w":0.9916895031929016},"size":0.11018277704715729,"orthographic":false}