{"cameraMode":{"drawMode":0,"name":"Shaded","section":"Shading Mode"},"sceneLighting":false,"audioPlay":false,"sceneViewState":{"showFog":true,"showMaterialUpdate":false,"showSkybox":false,"showFlares":true,"showImageEffects":true,"showParticleSystems":true},"in2DMode":false,"pivot":{"x":0.7784309387207031,"y":0.4999997615814209,"z":3.0768284797668459},"rotation":{"x":0.1107361689209938,"y":-0.02533993124961853,"z":0.002824380062520504,"w":0.9935221672058106},"size":1.2247446775436402,"orthographic":false}